NOME,CLASSE,INICIO,FIM,GRUPO,PATH
00001.wav,3,5,8.957732426303855,A,DATASET/audio_files/00001_1.wav
00001.wav,2,14.95775510204082,16.12680272108844,A,DATASET/audio_files/00001_1.wav
00001.wav,3,22.1268253968254,26.53537414965986,A,DATASET/audio_files/00001_1.wav
00001.wav,2,31.53539682539683,33.25492063492064,A,DATASET/audio_files/00001_1.wav
00001.wav,3,40.2549433106576,41.67090702947846,A,DATASET/audio_files/00001_1.wav
00001.wav,2,47.67092970521542,48.83997732426304,A,DATASET/audio_files/00001_1.wav
00001.wav,3,53.84,55.03773242630386,A,DATASET/audio_files/00001_1.wav
00012.wav,3,5,5.71124716553288,A,DATASET/audio_files/00012_1.wav
00012.wav,2,12.71126984126984,14.43079365079365,A,DATASET/audio_files/00012_1.wav
00012.wav,2,20.43081632653061,21.59986394557823,A,DATASET/audio_files/00012_1.wav
00012.wav,2,28.59988662131519,29.77498866213152,A,DATASET/audio_files/00012_1.wav
00012.wav,2,36.77501133786848,37.9440589569161,A,DATASET/audio_files/00012_1.wav
00012.wav,2,42.94408163265306,44.11312925170068,A,DATASET/audio_files/00012_1.wav
00012.wav,3,50.11315192743764,50.86795918367347,A,DATASET/audio_files/00012_1.wav
00012.wav,3,57.86798185941043,61.82571428571428,A,DATASET/audio_files/00012_1.wav
00010.wav,3,6,7.947596371882086,A,DATASET/audio_files/00010_1.wav
00010.wav,3,12.94761904761905,15.3375283446712,A,DATASET/audio_files/00010_1.wav
00010.wav,2,21.33755102040816,23.43897959183673,A,DATASET/audio_files/00010_1.wav
00010.wav,2,30.4390022675737,31.61410430839002,A,DATASET/audio_files/00010_1.wav
00010.wav,3,38.61412698412698,41.00403628117914,A,DATASET/audio_files/00010_1.wav
00010.wav,2,48.0040589569161,49.17916099773242,A,DATASET/audio_files/00010_1.wav
00010.wav,3,55.17918367346939,56.37691609977324,A,DATASET/audio_files/00010_1.wav
00011.wav,3,7,8.947596371882087,A,DATASET/audio_files/00011_1.wav
00011.wav,3,14.94761904761905,16.1453514739229,A,DATASET/audio_files/00011_1.wav
00011.wav,3,22.14537414965987,23.77408163265306,A,DATASET/audio_files/00011_1.wav
00011.wav,2,30.77410430839002,33.41378684807256,A,DATASET/audio_files/00011_1.wav
00011.wav,2,40.41380952380953,41.5937641723356,A,DATASET/audio_files/00011_1.wav
00011.wav,2,48.59378684807256,50.69521541950113,A,DATASET/audio_files/00011_1.wav
00011.wav,3,55.6952380952381,56.40648526077098,A,DATASET/audio_files/00011_1.wav
00003.wav,3,7,8.197732426303855,A,DATASET/audio_files/00003_1.wav
00003.wav,2,14.19775510204082,16.85192743764172,A,DATASET/audio_files/00003_1.wav
00003.wav,2,21.85195011337869,23.02705215419501,A,DATASET/audio_files/00003_1.wav
00003.wav,2,30.02707482993197,31.19612244897959,A,DATASET/audio_files/00003_1.wav
00003.wav,2,38.19614512471655,39.29814058956916,A,DATASET/audio_files/00003_1.wav
00003.wav,2,45.29816326530612,47.39959183673469,A,DATASET/audio_files/00003_1.wav
00003.wav,3,52.39961451247166,56.35734693877551,A,DATASET/audio_files/00003_1.wav
00008.wav,2,5,6.175102040816326,A,DATASET/audio_files/00008_1.wav
00008.wav,2,12.17512471655329,14.81480725623583,A,DATASET/audio_files/00008_1.wav
00008.wav,3,21.81482993197279,26.22337868480726,A,DATASET/audio_files/00008_1.wav
00008.wav,2,31.22340136054422,32.39244897959183,A,DATASET/audio_files/00008_1.wav
00008.wav,3,38.3924716553288,42.80102040816327,A,DATASET/audio_files/00008_1.wav
00008.wav,3,49.80104308390023,51.42975056689343,A,DATASET/audio_files/00008_1.wav
00008.wav,2,57.42977324263038,60.06945578231293,A,DATASET/audio_files/00008_1.wav
00004.wav,2,7,8.895850340136054,A,DATASET/audio_files/00004_1.wav
00004.wav,2,13.89587301587302,14.99786848072562,A,DATASET/audio_files/00004_1.wav
00004.wav,2,21.99789115646259,24.65206349206349,A,DATASET/audio_files/00004_1.wav
00004.wav,3,29.65208616780046,30.36333333333333,A,DATASET/audio_files/00004_1.wav
00004.wav,2,36.36335600907029,38.0828798185941,A,DATASET/audio_files/00004_1.wav
00004.wav,3,44.08290249433107,46.47281179138322,A,DATASET/audio_files/00004_1.wav
00004.wav,2,52.47283446712018,53.65278911564626,A,DATASET/audio_files/00004_1.wav
00004.wav,3,58.65281179138322,62.61054421768708,A,DATASET/audio_files/00004_1.wav
00007.wav,2,7,8.895850340136054,A,DATASET/audio_files/00007_1.wav
00007.wav,3,14.89587301587302,15.6071201814059,A,DATASET/audio_files/00007_1.wav
00007.wav,2,21.60714285714286,24.2468253968254,A,DATASET/audio_files/00007_1.wav
00007.wav,3,29.24684807256236,31.19444444444444,A,DATASET/audio_files/00007_1.wav
00007.wav,3,37.19446712018141,42.37666666666667,A,DATASET/audio_files/00007_1.wav
00007.wav,2,49.37668934240363,50.55664399092971,A,DATASET/audio_files/00007_1.wav
00007.wav,3,57.55666666666667,59.18537414965986,A,DATASET/audio_files/00007_1.wav
00014.wav,2,6,8.101428571428572,A,DATASET/audio_files/00014_1.wav
00014.wav,2,13.10145124716553,14.27049886621315,A,DATASET/audio_files/00014_1.wav
00014.wav,2,21.27052154195011,22.37251700680272,A,DATASET/audio_files/00014_1.wav
00014.wav,2,29.37253968253968,31.09206349206349,A,DATASET/audio_files/00014_1.wav
00013.wav,3,7,8.646938775510204,A,DATASET/audio_files/00013_1.wav
00013.wav,3,13.64696145124717,18.05551020408163,A,DATASET/audio_files/00013_1.wav
00013.wav,2,24.05553287981859,25.23548752834467,A,DATASET/audio_files/00013_1.wav
00013.wav,2,30.23551020408163,31.70977324263039,A,DATASET/audio_files/00013_1.wav
00013.wav,2,36.70979591836735,37.88489795918368,A,DATASET/audio_files/00013_1.wav
00013.wav,2,44.88492063492063,46.06487528344671,A,DATASET/audio_files/00013_1.wav
00013.wav,3,52.06489795918368,53.66884353741497,A,DATASET/audio_files/00013_1.wav
00013.wav,3,59.66886621315193,60.46131519274376,A,DATASET/audio_files/00013_1.wav
00006.wav,3,5,6.947596371882086,A,DATASET/audio_files/00006_1.wav
00006.wav,3,11.94761904761905,12.65886621315193,A,DATASET/audio_files/00006_1.wav
00006.wav,2,19.65888888888889,20.83399092970522,A,DATASET/audio_files/00006_1.wav
00006.wav,3,26.83401360544218,32.01621315192744,A,DATASET/audio_files/00006_1.wav
00006.wav,3,37.0162358276644,37.77104308390022,A,DATASET/audio_files/00006_1.wav
00006.wav,3,42.77106575963719,47.17961451247166,A,DATASET/audio_files/00006_1.wav
00006.wav,2,52.17963718820862,53.34868480725623,A,DATASET/audio_files/00006_1.wav
00006.wav,3,59.3487074829932,61.29630385487528,A,DATASET/audio_files/00006_1.wav
00005.wav,2,6,8.63968253968254,A,DATASET/audio_files/00005_1.wav
00005.wav,2,13.6397052154195,15.11396825396825,A,DATASET/audio_files/00005_1.wav
00005.wav,3,22.11399092970522,22.8252380952381,A,DATASET/audio_files/00005_1.wav
00005.wav,3,27.82526077097506,29.45396825396825,A,DATASET/audio_files/00005_1.wav
00005.wav,2,36.45399092970521,37.92825396825397,A,DATASET/audio_files/00005_1.wav
00005.wav,2,42.92827664399093,45.0297052154195,A,DATASET/audio_files/00005_1.wav
00005.wav,2,50.02972789115646,51.20482993197279,A,DATASET/audio_files/00005_1.wav
00005.wav,3,56.20485260770975,60.61340136054422,A,DATASET/audio_files/00005_1.wav
00009.wav,2,7,9.654172335600906,A,DATASET/audio_files/00009_1.wav
00009.wav,3,14.65419501133787,16.28290249433107,A,DATASET/audio_files/00009_1.wav
00009.wav,3,23.28292517006803,27.6914739229025,A,DATASET/audio_files/00009_1.wav
00009.wav,3,33.69149659863945,34.40274376417234,A,DATASET/audio_files/00009_1.wav
00009.wav,3,41.4027664399093,42.19521541950113,A,DATASET/audio_files/00009_1.wav
00009.wav,3,49.1952380952381,49.90648526077098,A,DATASET/audio_files/00009_1.wav
00009.wav,2,55.90650793650794,57.07555555555555,A,DATASET/audio_files/00009_1.wav
00002.wav,3,5,5.754807256235828,A,DATASET/audio_files/00002_1.wav
00002.wav,3,12.75482993197279,14.17079365079365,A,DATASET/audio_files/00002_1.wav
00002.wav,3,19.17081632653061,21.1184126984127,A,DATASET/audio_files/00002_1.wav
00002.wav,3,27.11843537414966,28.76537414965986,A,DATASET/audio_files/00002_1.wav
00002.wav,3,34.76539682539683,36.41233560090703,A,DATASET/audio_files/00002_1.wav
00002.wav,2,43.41235827664399,44.88662131519274,A,DATASET/audio_files/00002_1.wav
00002.wav,2,51.88664399092971,53.60616780045351,A,DATASET/audio_files/00002_1.wav
00025.wav,3,5,7.697165532879819,B,DATASET/audio_files/00025_1.wav
00025.wav,3,14.69718820861678,17.63140589569161,B,DATASET/audio_files/00025_1.wav
00025.wav,3,23.63142857142857,26.32859410430839,B,DATASET/audio_files/00025_1.wav
00025.wav,3,31.32861678004535,34.32598639455782,B,DATASET/audio_files/00025_1.wav
00025.wav,3,41.32600907029479,45.17886621315193,B,DATASET/audio_files/00025_1.wav
00025.wav,2,52.17888888888889,53.86111111111111,B,DATASET/audio_files/00025_1.wav
00023.wav,3,7,9.697165532879819,B,DATASET/audio_files/00023_1.wav
00023.wav,3,15.69718820861678,16.49349206349206,B,DATASET/audio_files/00023_1.wav
00023.wav,3,23.49351473922902,25.65945578231293,B,DATASET/audio_files/00023_1.wav
00023.wav,3,30.65947845804989,32.6897052154195,B,DATASET/audio_files/00023_1.wav
00023.wav,3,37.68972789115647,39.85566893424036,B,DATASET/audio_files/00023_1.wav
00023.wav,3,44.85569160997733,45.84011337868481,B,DATASET/audio_files/00023_1.wav
00023.wav,3,52.84013605442177,55.53730158730159,B,DATASET/audio_files/00023_1.wav
00019.wav,3,6,8.194263038548753,B,DATASET/audio_files/00019_1.wav
00019.wav,3,15.19428571428571,19.04714285714286,B,DATASET/audio_files/00019_1.wav
00019.wav,2,25.04716553287982,26.72938775510204,B,DATASET/audio_files/00019_1.wav
00019.wav,2,33.729410430839,34.77283446712018,B,DATASET/audio_files/00019_1.wav
00019.wav,3,40.77285714285714,42.59489795918368,B,DATASET/audio_files/00019_1.wav
00019.wav,2,49.59492063492063,50.61628117913832,B,DATASET/audio_files/00019_1.wav
00019.wav,3,55.61630385487528,58.3134693877551,B,DATASET/audio_files/00019_1.wav
00015.wav,2,5,7.644013605442177,B,DATASET/audio_files/00015_1.wav
00015.wav,3,12.64403628117914,13.44034013605442,B,DATASET/audio_files/00015_1.wav
00015.wav,3,19.44036281179139,20.42478458049887,B,DATASET/audio_files/00015_1.wav
00015.wav,3,26.42480725623583,27.22111111111111,B,DATASET/audio_files/00015_1.wav
00015.wav,2,32.22113378684807,33.90335600907029,B,DATASET/audio_files/00015_1.wav
00015.wav,3,40.90337868480726,44.7497052154195,B,DATASET/audio_files/00015_1.wav
00015.wav,3,49.74972789115646,52.44689342403628,B,DATASET/audio_files/00015_1.wav
00015.wav,2,58.44691609977324,59.46827664399093,B,DATASET/audio_files/00015_1.wav
00018.wav,2,6,7.489705215419501,B,DATASET/audio_files/00018_1.wav
00018.wav,2,12.48972789115646,14.17195011337869,B,DATASET/audio_files/00018_1.wav
00018.wav,3,21.17197278911565,22.99401360544218,B,DATASET/audio_files/00018_1.wav
00018.wav,2,29.99403628117914,30.96068027210884,B,DATASET/audio_files/00018_1.wav
00018.wav,2,36.9607029478458,38.45040816326531,B,DATASET/audio_files/00018_1.wav
00018.wav,3,45.45043083900227,46.43485260770975,B,DATASET/audio_files/00018_1.wav
00018.wav,3,52.43487528344672,55.36909297052154,B,DATASET/audio_files/00018_1.wav
00028.wav,2,6,7.021360544217687,B,DATASET/audio_files/00028_1.wav
00028.wav,2,14.02138321995465,14.98802721088435,B,DATASET/audio_files/00028_1.wav
00028.wav,2,19.98804988662132,21.009410430839,B,DATASET/audio_files/00028_1.wav
00028.wav,2,27.00943310657597,27.97607709750567,B,DATASET/audio_files/00028_1.wav
00028.wav,2,33.97609977324263,35.32598639455782,B,DATASET/audio_files/00028_1.wav
00028.wav,2,42.32600907029479,42.6502947845805,B,DATASET/audio_files/00028_1.wav
00026.wav,2,7,8.682222222222222,B,DATASET/audio_files/00026_1.wav
00026.wav,3,14.68224489795918,18.53510204081633,B,DATASET/audio_files/00026_1.wav
00026.wav,2,23.53512471655329,24.88501133786848,B,DATASET/audio_files/00026_1.wav
00026.wav,2,30.88503401360544,33.43650793650794,B,DATASET/audio_files/00026_1.wav
00026.wav,3,40.4365306122449,42.01458049886622,B,DATASET/audio_files/00026_1.wav
00026.wav,3,47.01460317460317,50.86092970521542,B,DATASET/audio_files/00026_1.wav
00026.wav,3,57.86095238095238,59.891179138322,B,DATASET/audio_files/00026_1.wav
00022.wav,3,7,8.578049886621315,B,DATASET/audio_files/00022_1.wav
00022.wav,3,14.57807256235828,18.42439909297052,B,DATASET/audio_files/00022_1.wav
00022.wav,2,24.42442176870748,27.06843537414966,B,DATASET/audio_files/00022_1.wav
00022.wav,2,33.06845804988662,35.61993197278912,B,DATASET/audio_files/00022_1.wav
00022.wav,3,41.61995464852608,45.47281179138322,B,DATASET/audio_files/00022_1.wav
00022.wav,2,51.47283446712018,53.37453514739229,B,DATASET/audio_files/00022_1.wav
00022.wav,3,59.37455782312925,62.40494331065759,B,DATASET/audio_files/00022_1.wav
00020.wav,2,5,6.349886621315193,B,DATASET/audio_files/00020_1.wav
00020.wav,2,11.34990929705215,12.83961451247166,B,DATASET/audio_files/00020_1.wav
00020.wav,2,17.83963718820862,19.32934240362812,B,DATASET/audio_files/00020_1.wav
00020.wav,2,26.32936507936508,28.97337868480726,B,DATASET/audio_files/00020_1.wav
00020.wav,2,34.97340136054422,35.9947619047619,B,DATASET/audio_files/00020_1.wav
00020.wav,3,42.99478458049887,45.16072562358276,B,DATASET/audio_files/00020_1.wav
00020.wav,2,52.16074829931973,53.51063492063492,B,DATASET/audio_files/00020_1.wav
00020.wav,2,59.51065759637189,62.06213151927437,B,DATASET/audio_files/00020_1.wav
00021.wav,3,7,10.03038548752834,B,DATASET/audio_files/00021_1.wav
00021.wav,3,16.03040816326531,17.85244897959184,B,DATASET/audio_files/00021_1.wav
00021.wav,2,24.8524716553288,27.49648526077097,B,DATASET/audio_files/00021_1.wav
00021.wav,3,32.49650793650794,33.48092970521542,B,DATASET/audio_files/00021_1.wav
00021.wav,3,40.48095238095238,43.51133786848072,B,DATASET/audio_files/00021_1.wav
00021.wav,2,50.51136054421769,52.00106575963719,B,DATASET/audio_files/00021_1.wav
00021.wav,3,59.00108843537415,62.03147392290249,B,DATASET/audio_files/00021_1.wav
00024.wav,2,6,8.644013605442178,B,DATASET/audio_files/00024_1.wav
00024.wav,3,13.64403628117914,15.67426303854875,B,DATASET/audio_files/00024_1.wav
00024.wav,3,22.67428571428571,25.70467120181406,B,DATASET/audio_files/00024_1.wav
00024.wav,2,30.70469387755102,32.33662131519274,B,DATASET/audio_files/00024_1.wav
00024.wav,2,39.33664399092971,40.82634920634921,B,DATASET/audio_files/00024_1.wav
00024.wav,3,45.82637188208617,48.82374149659864,B,DATASET/audio_files/00024_1.wav
00024.wav,2,53.8237641723356,54.84512471655329,B,DATASET/audio_files/00024_1.wav
00027.wav,2,5,6.489705215419501,B,DATASET/audio_files/00027_1.wav
00027.wav,3,11.48972789115646,14.48709750566894,B,DATASET/audio_files/00027_1.wav
00027.wav,2,19.4871201814059,22.13113378684807,B,DATASET/audio_files/00027_1.wav
00027.wav,2,28.13115646258503,29.62086167800453,B,DATASET/audio_files/00027_1.wav
00027.wav,2,35.6208843537415,36.66430839002268,B,DATASET/audio_files/00027_1.wav
00027.wav,2,41.66433106575964,42.68569160997733,B,DATASET/audio_files/00027_1.wav
00027.wav,2,48.68571428571428,50.5874149659864,B,DATASET/audio_files/00027_1.wav
00027.wav,2,57.58743764172336,58.93732426303855,B,DATASET/audio_files/00027_1.wav
00016.wav,2,5,6.631927437641723,B,DATASET/audio_files/00016_1.wav
00016.wav,2,11.63195011337868,14.18342403628118,B,DATASET/audio_files/00016_1.wav
00016.wav,3,20.18344671201814,22.21367346938775,B,DATASET/audio_files/00016_1.wav
00016.wav,3,29.21369614512472,32.21106575963719,B,DATASET/audio_files/00016_1.wav
00016.wav,3,37.21108843537415,39.90825396825397,B,DATASET/audio_files/00016_1.wav
00016.wav,2,44.90827664399093,46.80997732426304,B,DATASET/audio_files/00016_1.wav
00016.wav,2,52.81,53.85342403628118,B,DATASET/audio_files/00016_1.wav
00016.wav,3,59.85344671201814,62.88383219954648,B,DATASET/audio_files/00016_1.wav
00017.wav,3,5,8.846326530612245,B,DATASET/audio_files/00017_1.wav
00017.wav,2,15.84634920634921,17.52857142857143,B,DATASET/audio_files/00017_1.wav
00017.wav,3,22.52859410430839,23.51301587301587,B,DATASET/audio_files/00017_1.wav
00017.wav,3,29.51303854875284,31.67897959183674,B,DATASET/audio_files/00017_1.wav
00017.wav,2,36.67900226757369,38.58070294784581,B,DATASET/audio_files/00017_1.wav
00017.wav,2,43.58072562358277,45.26294784580499,B,DATASET/audio_files/00017_1.wav
00017.wav,3,52.26297052154195,56.11582766439909,B,DATASET/audio_files/00017_1.wav
00033.wav,3,7,15.25725623582767,C,DATASET/audio_files/00033_1.wav
00033.wav,3,22.25727891156463,24.95727891156463,C,DATASET/audio_files/00033_1.wav
00033.wav,3,29.95730158730159,30.86226757369614,C,DATASET/audio_files/00033_1.wav
00033.wav,3,35.86229024943311,38.19410430839002,C,DATASET/audio_files/00033_1.wav
00033.wav,2,45.19412698412698,46.74936507936508,C,DATASET/audio_files/00033_1.wav
00033.wav,2,51.74938775510204,52.65526077097506,C,DATASET/audio_files/00033_1.wav
00033.wav,3,58.65528344671202,60.71374149659864,C,DATASET/audio_files/00033_1.wav
00034.wav,3,7,9.19501133786848,C,DATASET/audio_files/00034_1.wav
00034.wav,2,14.19503401360544,16.24351473922902,C,DATASET/audio_files/00034_1.wav
00034.wav,2,22.24353741496599,24.56945578231293,C,DATASET/audio_files/00034_1.wav
00034.wav,2,31.56947845804989,33.01770975056689,C,DATASET/audio_files/00034_1.wav
00034.wav,3,40.01773242630385,48.27498866213152,C,DATASET/audio_files/00034_1.wav
00034.wav,3,54.27501133786848,56.6068253968254,C,DATASET/audio_files/00034_1.wav
00030.wav,2,7,7.905873015873016,C,DATASET/audio_files/00030_1.wav
00030.wav,3,12.90589569160998,13.80637188208617,C,DATASET/audio_files/00030_1.wav
00030.wav,2,20.80639455782313,22.99419501133787,C,DATASET/audio_files/00030_1.wav
00030.wav,2,27.99421768707483,29.99419501133787,C,DATASET/audio_files/00030_1.wav
00030.wav,2,36.99421768707483,38.54945578231293,C,DATASET/audio_files/00030_1.wav
00030.wav,3,44.54947845804989,47.23879818594104,C,DATASET/audio_files/00030_1.wav
00030.wav,2,54.23882086167801,56.35614512471656,C,DATASET/audio_files/00030_1.wav
00035.wav,3,5,6.858866213151927,C,DATASET/audio_files/00035_1.wav
00035.wav,3,11.85888888888889,14.54820861678005,C,DATASET/audio_files/00035_1.wav
00035.wav,2,19.54823129251701,20.99646258503401,C,DATASET/audio_files/00035_1.wav
00035.wav,2,26.99648526077097,29.32240362811792,C,DATASET/audio_files/00035_1.wav
00035.wav,3,34.32242630385488,35.27678004535147,C,DATASET/audio_files/00035_1.wav
00035.wav,3,42.27680272108844,44.60861678004535,C,DATASET/audio_files/00035_1.wav
00035.wav,3,51.60863945578231,54.30863945578231,C,DATASET/audio_files/00035_1.wav
00035.wav,3,59.30866213151928,61.99798185941043,C,DATASET/audio_files/00035_1.wav
00032.wav,2,6,7.324036281179138,C,DATASET/audio_files/00032_1.wav
00032.wav,2,12.3240589569161,14.44138321995465,C,DATASET/audio_files/00032_1.wav
00032.wav,3,21.44140589569161,23.77321995464853,C,DATASET/audio_files/00032_1.wav
00032.wav,2,30.77324263038549,32.09727891156463,C,DATASET/audio_files/00032_1.wav
00032.wav,3,37.09730158730159,39.4291156462585,C,DATASET/audio_files/00032_1.wav
00032.wav,2,46.42913832199547,47.33501133786848,C,DATASET/audio_files/00032_1.wav
00032.wav,2,54.33503401360544,56.33501133786848,C,DATASET/audio_files/00032_1.wav
00042.wav,3,5,7.194263038548753,C,DATASET/audio_files/00042_1.wav
00042.wav,2,13.19428571428571,14.64251700680272,C,DATASET/audio_files/00042_1.wav
00042.wav,2,19.64253968253968,21.36897959183673,C,DATASET/audio_files/00042_1.wav
00042.wav,2,26.3690022675737,28.48632653061225,C,DATASET/audio_files/00042_1.wav
00042.wav,2,35.4863492063492,37.53482993197279,C,DATASET/audio_files/00042_1.wav
00041.wav,2,7,8.324036281179138,C,DATASET/audio_files/00041_1.wav
00041.wav,2,15.3240589569161,16.64809523809524,C,DATASET/audio_files/00041_1.wav
00041.wav,2,22.6481179138322,24.83591836734694,C,DATASET/audio_files/00041_1.wav
00041.wav,2,29.8359410430839,31.88442176870748,C,DATASET/audio_files/00041_1.wav
00041.wav,3,37.88444444444445,40.07945578231293,C,DATASET/audio_files/00041_1.wav
00041.wav,3,45.07947845804988,46.93834467120181,C,DATASET/audio_files/00041_1.wav
00041.wav,3,53.93836734693878,54.84333333333333,C,DATASET/audio_files/00041_1.wav
00041.wav,2,59.8433560090703,61.96068027210885,C,DATASET/audio_files/00041_1.wav
00040.wav,3,5,7.7,C,DATASET/audio_files/00040_1.wav
00040.wav,2,14.70002267573696,16.25526077097506,C,DATASET/audio_files/00040_1.wav
00040.wav,2,23.25528344671202,25.25526077097506,C,DATASET/audio_files/00040_1.wav
00040.wav,3,30.25528344671202,32.11414965986395,C,DATASET/audio_files/00040_1.wav
00040.wav,3,37.11417233560091,39.30843537414966,C,DATASET/audio_files/00040_1.wav
00040.wav,2,46.30845804988663,48.03489795918367,C,DATASET/audio_files/00040_1.wav
00040.wav,2,54.03492063492064,56.36083900226758,C,DATASET/audio_files/00040_1.wav
00029.wav,2,6,7.448231292517007,C,DATASET/audio_files/00029_1.wav
00029.wav,3,13.44825396825397,15.50671201814059,C,DATASET/audio_files/00029_1.wav
00029.wav,3,21.50673469387755,22.40721088435374,C,DATASET/audio_files/00029_1.wav
00029.wav,2,29.4072335600907,31.73315192743764,C,DATASET/audio_files/00029_1.wav
00029.wav,3,37.7331746031746,45.99043083900227,C,DATASET/audio_files/00029_1.wav
00029.wav,3,51.99045351473923,52.89541950113379,C,DATASET/audio_files/00029_1.wav
00029.wav,3,59.89544217687075,62.22725623582767,C,DATASET/audio_files/00029_1.wav
00036.wav,3,5,5.900476190476191,C,DATASET/audio_files/00036_1.wav
00036.wav,2,10.90049886621315,12.90047619047619,C,DATASET/audio_files/00036_1.wav
00036.wav,2,19.90049886621315,20.80637188208617,C,DATASET/audio_files/00036_1.wav
00036.wav,2,27.80639455782313,29.80637188208617,C,DATASET/audio_files/00036_1.wav
00036.wav,2,34.80639455782313,36.85487528344671,C,DATASET/audio_files/00036_1.wav
00036.wav,3,41.85489795918367,44.54421768707483,C,DATASET/audio_files/00036_1.wav
00036.wav,3,49.54424036281179,51.73925170068027,C,DATASET/audio_files/00036_1.wav
00036.wav,3,58.73927437641724,60.93353741496599,C,DATASET/audio_files/00036_1.wav
00038.wav,2,6,7.324036281179138,C,DATASET/audio_files/00038_1.wav
00038.wav,3,14.3240589569161,15.2784126984127,C,DATASET/audio_files/00038_1.wav
00038.wav,2,20.27843537414966,22.39575963718821,C,DATASET/audio_files/00038_1.wav
00038.wav,2,27.39578231292517,28.71981859410431,C,DATASET/audio_files/00038_1.wav
00038.wav,3,35.71984126984127,36.62031746031746,C,DATASET/audio_files/00038_1.wav
00038.wav,3,41.62034013605442,49.87759637188209,C,DATASET/audio_files/00038_1.wav
00038.wav,2,54.87761904761905,56.92609977324263,C,DATASET/audio_files/00038_1.wav
00031.wav,2,7,9.325918367346938,C,DATASET/audio_files/00031_1.wav
00031.wav,3,15.3259410430839,16.23090702947846,C,DATASET/audio_files/00031_1.wav
00031.wav,3,22.23092970521542,23.13140589569161,C,DATASET/audio_files/00031_1.wav
00031.wav,3,28.13142857142857,29.08578231292517,C,DATASET/audio_files/00031_1.wav
00031.wav,2,34.08580498866213,36.08578231292517,C,DATASET/audio_files/00031_1.wav
00031.wav,3,42.08580498866213,42.98628117913832,C,DATASET/audio_files/00031_1.wav
00031.wav,3,49.98630385487528,52.04476190476191,C,DATASET/audio_files/00031_1.wav
00031.wav,3,58.04478458049886,60.37659863945579,C,DATASET/audio_files/00031_1.wav
00039.wav,2,6,8.325918367346938,C,DATASET/audio_files/00039_1.wav
00039.wav,2,14.3259410430839,16.05238095238095,C,DATASET/audio_files/00039_1.wav
00039.wav,3,22.05240362811792,22.86451247165533,C,DATASET/audio_files/00039_1.wav
00039.wav,3,29.86453514739229,32.55385487528345,C,DATASET/audio_files/00039_1.wav
00039.wav,3,37.55387755102041,39.88569160997732,C,DATASET/audio_files/00039_1.wav
00039.wav,3,44.88571428571429,47.57503401360544,C,DATASET/audio_files/00039_1.wav
00039.wav,3,52.5750566893424,54.43392290249433,C,DATASET/audio_files/00039_1.wav
00039.wav,2,59.4339455782313,61.16038548752835,C,DATASET/audio_files/00039_1.wav
00037.wav,2,7,9.048480725623582,C,DATASET/audio_files/00037_1.wav
00037.wav,2,16.04850340136055,18.04848072562358,C,DATASET/audio_files/00037_1.wav
00037.wav,2,24.04850340136055,25.7749433106576,C,DATASET/audio_files/00037_1.wav
00037.wav,3,31.77496598639456,33.96922902494331,C,DATASET/audio_files/00037_1.wav
00037.wav,2,40.96925170068028,42.96922902494331,C,DATASET/audio_files/00037_1.wav
00037.wav,3,48.96925170068028,49.92360544217687,C,DATASET/audio_files/00037_1.wav
00037.wav,2,55.92362811791383,57.97210884353741,C,DATASET/audio_files/00037_1.wav
00045.wav,2,6,7.999977324263039,D,DATASET/audio_files/00045_1.wav
00045.wav,2,15,15.73528344671202,D,DATASET/audio_files/00045_1.wav
00045.wav,3,22.73530612244898,25.64174603174603,D,DATASET/audio_files/00045_1.wav
00045.wav,2,32.641768707483,33.76612244897959,D,DATASET/audio_files/00045_1.wav
00045.wav,3,39.76614512471655,41.49566893424036,D,DATASET/audio_files/00045_1.wav
00045.wav,3,47.49569160997732,49.05394557823129,D,DATASET/audio_files/00045_1.wav
00045.wav,2,55.05396825396826,56.48920634920635,D,DATASET/audio_files/00045_1.wav
00052.wav,3,5,9.839750566893423,D,DATASET/audio_files/00052_1.wav
00052.wav,3,14.83977324263039,19.22371882086168,D,DATASET/audio_files/00052_1.wav
00052.wav,2,24.22374149659864,24.74902494331066,D,DATASET/audio_files/00052_1.wav
00052.wav,3,29.74904761904762,34.10634920634921,D,DATASET/audio_files/00052_1.wav
00052.wav,3,40.10637188208617,42.41442176870748,D,DATASET/audio_files/00052_1.wav
00052.wav,3,48.41444444444444,50.14396825396825,D,DATASET/audio_files/00052_1.wav
00052.wav,2,55.14399092970522,55.66927437641724,D,DATASET/audio_files/00052_1.wav
00055.wav,2,5,7.122675736961451,D,DATASET/audio_files/00055_1.wav
00055.wav,3,14.12269841269841,19.0815873015873,D,DATASET/audio_files/00055_1.wav
00055.wav,2,25.08160997732426,26.20596371882086,D,DATASET/audio_files/00055_1.wav
00055.wav,3,31.20598639455782,35.58993197278912,D,DATASET/audio_files/00055_1.wav
00055.wav,3,41.58995464852607,44.49639455782313,D,DATASET/audio_files/00055_1.wav
00055.wav,3,49.49641723356009,54.33616780045352,D,DATASET/audio_files/00055_1.wav
00047.wav,3,5,7.906439909297053,D,DATASET/audio_files/00047_1.wav
00047.wav,3,13.90646258503401,18.8653514739229,D,DATASET/audio_files/00047_1.wav
00047.wav,3,24.86537414965986,26.59489795918367,D,DATASET/audio_files/00047_1.wav
00047.wav,3,33.59492063492063,35.15317460317461,D,DATASET/audio_files/00047_1.wav
00047.wav,3,41.15319727891156,42.71145124716554,D,DATASET/audio_files/00047_1.wav
00047.wav,2,48.71147392290249,50.71145124716554,D,DATASET/audio_files/00047_1.wav
00047.wav,3,55.71147392290249,60.67036281179139,D,DATASET/audio_files/00047_1.wav
00050.wav,2,5,6.964693877551021,D,DATASET/audio_files/00050_1.wav
00050.wav,3,13.96471655328798,18.92360544217687,D,DATASET/audio_files/00050_1.wav
00050.wav,3,23.92362811791383,26.83006802721089,D,DATASET/audio_files/00050_1.wav
00050.wav,2,32.83009070294784,34.26532879818594,D,DATASET/audio_files/00050_1.wav
00050.wav,2,41.26535147392291,43.38802721088435,D,DATASET/audio_files/00050_1.wav
00050.wav,3,48.38804988662132,53.22780045351474,D,DATASET/audio_files/00050_1.wav
00050.wav,3,58.2278231292517,59.49639455782313,D,DATASET/audio_files/00050_1.wav
00049.wav,2,7,8.44172335600907,D,DATASET/audio_files/00049_1.wav
00049.wav,3,14.44174603174603,16,D,DATASET/audio_files/00049_1.wav
00049.wav,2,23.00002267573696,24.43526077097506,D,DATASET/audio_files/00049_1.wav
00049.wav,2,31.43528344671202,32.17056689342404,D,DATASET/audio_files/00049_1.wav
00049.wav,2,37.170589569161,37.69587301587302,D,DATASET/audio_files/00049_1.wav
00049.wav,2,43.69589569160998,44.82024943310658,D,DATASET/audio_files/00049_1.wav
00049.wav,3,49.82027210884354,54.20421768707483,D,DATASET/audio_files/00049_1.wav
00057.wav,2,7,8.44172335600907,D,DATASET/audio_files/00057_1.wav
00057.wav,2,15.44174603174603,17.40643990929705,D,DATASET/audio_files/00057_1.wav
00057.wav,2,24.40646258503401,26.40643990929705,D,DATASET/audio_files/00057_1.wav
00057.wav,2,33.40646258503401,34.84170068027211,D,DATASET/audio_files/00057_1.wav
00057.wav,2,39.84172335600907,42.52226757369615,D,DATASET/audio_files/00057_1.wav
00054.wav,2,7,8.44172335600907,D,DATASET/audio_files/00054_1.wav
00054.wav,3,14.44174603174603,17.34818594104308,D,DATASET/audio_files/00054_1.wav
00054.wav,3,22.34820861678005,25.2546485260771,D,DATASET/audio_files/00054_1.wav
00054.wav,2,31.25467120181406,33.12111111111111,D,DATASET/audio_files/00054_1.wav
00054.wav,2,38.12113378684807,39.55637188208617,D,DATASET/audio_files/00054_1.wav
00054.wav,3,45.55639455782313,50.51528344671202,D,DATASET/audio_files/00054_1.wav
00054.wav,2,56.51530612244898,57.95054421768707,D,DATASET/audio_files/00054_1.wav
00044.wav,2,7,8.44172335600907,D,DATASET/audio_files/00044_1.wav
00044.wav,2,13.44174603174603,15.30818594104308,D,DATASET/audio_files/00044_1.wav
00044.wav,3,20.30820861678005,24.66551020408163,D,DATASET/audio_files/00044_1.wav
00044.wav,3,30.6655328798186,32.97358276643991,D,DATASET/audio_files/00044_1.wav
00044.wav,3,39.97360544217687,41.53185941043084,D,DATASET/audio_files/00044_1.wav
00044.wav,2,46.5318820861678,47.97360544217687,D,DATASET/audio_files/00044_1.wav
00044.wav,3,52.97362811791383,55.88006802721088,D,DATASET/audio_files/00044_1.wav
00053.wav,3,6,10.95888888888889,D,DATASET/audio_files/00053_1.wav
00053.wav,3,17.95891156462585,19.51716553287982,D,DATASET/audio_files/00053_1.wav
00053.wav,3,24.51718820861678,27.42362811791383,D,DATASET/audio_files/00053_1.wav
00053.wav,2,34.42365079365079,36.38834467120181,D,DATASET/audio_files/00053_1.wav
00053.wav,3,43.38836734693878,48.2281179138322,D,DATASET/audio_files/00053_1.wav
00053.wav,2,55.22814058956916,57.90868480725624,D,DATASET/audio_files/00053_1.wav
00046.wav,2,6,6.735283446712018,D,DATASET/audio_files/00046_1.wav
00046.wav,2,13.73530612244898,14.470589569161,D,DATASET/audio_files/00046_1.wav
00046.wav,3,21.47061224489796,25.75829931972789,D,DATASET/audio_files/00046_1.wav
00046.wav,3,32.75832199546485,37.14226757369615,D,DATASET/audio_files/00046_1.wav
00046.wav,3,43.14229024943311,47.4995918367347,D,DATASET/audio_files/00046_1.wav
00046.wav,2,52.49961451247165,54.4995918367347,D,DATASET/audio_files/00046_1.wav
00056.wav,2,5,5.735283446712018,D,DATASET/audio_files/00056_1.wav
00056.wav,2,12.73530612244898,14.17702947845805,D,DATASET/audio_files/00056_1.wav
00056.wav,2,21.17705215419501,23.14174603174603,D,DATASET/audio_files/00056_1.wav
00056.wav,2,28.14176870748299,28.87705215419501,D,DATASET/audio_files/00056_1.wav
00056.wav,2,33.87707482993197,35.99975056689343,D,DATASET/audio_files/00056_1.wav
00056.wav,2,41.99977324263038,43.86621315192744,D,DATASET/audio_files/00056_1.wav
00056.wav,2,50.8662358276644,52.98891156462585,D,DATASET/audio_files/00056_1.wav
00056.wav,2,57.98893424036281,59.98891156462585,D,DATASET/audio_files/00056_1.wav
00043.wav,2,7,7.735283446712018,D,DATASET/audio_files/00043_1.wav
00043.wav,2,14.73530612244898,15.260589569161,D,DATASET/audio_files/00043_1.wav
00043.wav,2,20.26061224489796,21.70233560090703,D,DATASET/audio_files/00043_1.wav
00043.wav,3,26.70235827664399,31.05965986394558,D,DATASET/audio_files/00043_1.wav
00043.wav,2,37.05968253968254,38.50140589569161,D,DATASET/audio_files/00043_1.wav
00043.wav,3,44.50142857142857,46.80947845804989,D,DATASET/audio_files/00043_1.wav
00043.wav,3,52.80950113378685,57.76839002267574,D,DATASET/audio_files/00043_1.wav
00051.wav,3,6,10.95888888888889,D,DATASET/audio_files/00051_1.wav
00051.wav,2,16.95891156462585,18.92360544217687,D,DATASET/audio_files/00051_1.wav
00051.wav,2,25.92362811791383,26.44891156462585,D,DATASET/audio_files/00051_1.wav
00051.wav,2,33.44893424036281,36.12947845804989,D,DATASET/audio_files/00051_1.wav
00051.wav,2,41.12950113378685,43.12947845804989,D,DATASET/audio_files/00051_1.wav
00051.wav,3,48.12950113378685,52.41718820861678,D,DATASET/audio_files/00051_1.wav
00051.wav,3,59.41721088435374,64.25696145124717,D,DATASET/audio_files/00051_1.wav
00048.wav,3,7,11.28768707482993,D,DATASET/audio_files/00048_1.wav
00048.wav,3,17.28770975056689,19.59575963718821,D,DATASET/audio_files/00048_1.wav
00048.wav,3,26.59578231292517,31.4355328798186,D,DATASET/audio_files/00048_1.wav
00048.wav,3,37.43555555555555,39.74360544217687,D,DATASET/audio_files/00048_1.wav
00048.wav,3,45.74362811791383,48.05167800453515,D,DATASET/audio_files/00048_1.wav
00048.wav,3,54.05170068027211,56.35975056689343,D,DATASET/audio_files/00048_1.wav
